GpsNumber,GpsDescription,GPSTime,Year,Month,Day,Hour,Minute,BatteryVoltage,GSMSignal,Activity,Temperature,lat,lon,Type,LandCover,DownDate,Direction_Abs,StepLength,Direction_Rel,Speed,Interval,Class
48531064658,coyo04,2/9/2022 12:00,2022,2,9,12,0,4.16,5,0.033328704,24,34.272149,-118.6153,GSM,Herbaceous with Sparse Tree/Shrub,2/10/2022,149.7335208,306.0539686,-124.9707467,0.051042078,21603,8
48531064658,coyo04,2/9/2022 18:00,2022,2,9,18,0,4.16,5,0.033354952,27,34.269666,-118.616749,GSM,Herbaceous with Sparse Tree/Shrub,2/10/2022,180,37.04970589,30.26647924,0.006166957,21586,8
48531064658,coyo04,2/10/2022 0:00,2022,2,10,0,0,4.16,5,0.033290179,28,34.269332,-118.616749,GSM,Herbaceous with Sparse Tree/Shrub,2/10/2022,-37.13258659,369.0929429,142.8674134,0.061563944,21628,8
48531064658,coyo04,2/10/2022 6:00,2022,2,10,6,0,4.14,3,0.03808553,22,34.272149,-118.614616,GSM,Herbaceous with Sparse Tree/Shrub,2/11/2022,-103.5202215,246.013718,-66.38763495,0.040992797,21583,8
48531064658,coyo04,2/10/2022 12:00,2022,2,10,12,0,4.14,3,0.038046748,23,34.271532,-118.61205,GSM,Cropland,2/11/2022,103.7122369,71.98879218,-152.7675416,0.011982045,21605,8
48531064658,coyo04,2/10/2022 18:00,2022,2,10,18,0,4.14,3,0.038004531,32,34.271349,-118.6128,GSM,Herbaceous with Sparse Tree/Shrub,2/11/2022,166.3604485,901.3996137,62.64821163,0.075198448,21629,8
48531064658,coyo04,2/11/2022 6:00,2022,2,11,6,0,4.13,7,0.024841842,24,34.263383,-118.614733,GSM,Herbaceous with Sparse Tree/Shrub,2/12/2022,152.4737662,2663.209342,-13.88668231,0.443642295,43153,8
48531064658,coyo04,2/11/2022 12:00,2022,2,11,12,0,4.13,7,0.049604368,24,34.241349,-118.626216,GSM,Tree Open,2/12/2022,172.9596268,511.0441969,20.48586065,0.085177976,21611,8
48531064658,coyo04,2/11/2022 18:00,2022,2,11,18,0,4.13,7,0.049631927,32,34.236766,-118.626782,GSM,Herbaceous with Sparse Tree/Shrub,2/12/2022,-132.4731409,162.2048192,54.56723231,0.02700663,21599,8
48531064658,coyo04,2/12/2022 0:00,2022,2,12,0,0,4.13,7,0.049579132,31,34.235683,-118.625599,GSM,Herbaceous with Sparse Tree/Shrub,2/12/2022,-18.92402971,274.8454468,113.5491111,0.045852153,21622,8
48531064658,coyo04,2/12/2022 6:00,2022,2,12,6,0,4.12,16,0.024051161,20,34.238066,-118.624782,GSM,Tree Open,2/13/2022,2.780752467,38.85591942,21.70478218,0.006477786,21579,8
48531064658,coyo04,2/12/2022 12:00,2022,2,12,12,0,4.12,16,0.024034454,21,34.238416,-118.624799,GSM,Tree Open,2/13/2022,-120.0524477,785.9515825,-122.8332002,0.131010126,21594,8
48531064658,coyo04,2/12/2022 18:00,2022,2,12,18,0,4.12,16,0.024031115,41,34.234366,-118.617799,GSM,Tree Open,2/13/2022,112.7711844,385.3555334,-127.1763679,0.064062799,21597,8
48531064658,coyo04,2/13/2022 0:01,2022,2,13,0,1,4.12,16,0.023966751,29,34.232799,-118.621532,GSM,Tree Open,2/13/2022,175.679195,50.01515919,62.90801063,0.057820993,21655,8
48531064658,coyo04,2/13/2022 0:52,2022,2,13,0,52,4.1,8,0,36,34.232349,-118.621566,GSM,Tree Open,2/13/2022,10.91112839,9.324170948,-164.7680667,4.795287916,3114,8
48531064658,coyo04,2/13/2022 0:53,2022,2,13,0,53,4.1,8,0,36,34.232432,-118.621582,GSM,Tree Open,2/13/2022,90,1.566250802,180,0.939750481,14,8
48531064658,coyo04,2/13/2022 0:53,2022,2,13,0,53,4.1,8,0,36,34.232432,-118.621599,GSM,Tree Open,2/13/2022,155.6294198,209.303724,65.62941978,0.040904045,6,8
48531064658,coyo04,2/13/2022 6:00,2022,2,13,6,0,4.1,8,0.039900114,12,34.230666,-118.622399,GSM,Tree Open,2/14/2022,-137.4850773,727.3976627,66.88550287,0.121148813,18421,8
48531064658,coyo04,2/13/2022 12:00,2022,2,13,12,0,4.1,8,0.034004164,19,34.225449,-118.617616,GSM,Urban,2/14/2022,47.10935907,776.301758,-175.4055636,0.129479537,21615,8
48531064658,coyo04,2/13/2022 18:00,2022,2,13,18,0,4.1,8,0.034053002,31,34.230666,-118.623232,GSM,Tree Open,2/14/2022,-161.5650512,34.52985261,151.3255898,0.00574912,21584,8
48531064658,coyo04,2/14/2022 0:00,2022,2,14,0,0,4.1,8,0.033993155,30,34.230366,-118.623132,GSM,Tree Open,2/14/2022,-49.19268793,1377.569114,112.3723632,0.229914178,21622,8
48531064658,coyo04,2/14/2022 6:00,2022,2,14,6,0,4.09,4,0.059944367,16,34.239316,-118.612766,GSM,Urban,2/15/2022,-9.489849505,3628.490397,39.70283843,0.604692409,21570,8
48531064658,coyo04,2/14/2022 12:00,2022,2,14,12,0,4.09,4,0.059855569,15,34.271716,-118.60735,GSM,Urban,2/15/2022,92.69780563,458.0536116,102.1876551,0.038125243,21602,8
48531064658,coyo04,2/15/2022 0:01,2022,2,15,0,1,4.09,4,0.029894571,29,34.271482,-118.612316,GSM,Cropland,2/15/2022,79.3210528,793.2523565,-13.37675283,0.132447868,43252,8
48531064658,coyo04,2/15/2022 6:00,2022,2,15,6,0,4.08,19,0.046148138,17,34.273066,-118.620716,GSM,Herbaceous with Sparse Tree/Shrub,2/16/2022,-99.28926105,564.6558339,-178.6103139,0.094174705,21561,8
48531064658,coyo04,2/15/2022 12:00,2022,2,15,12,0,4.08,19,0.046096826,21,34.272082,-118.6147,GSM,Herbaceous with Sparse Tree/Shrub,2/16/2022,-111.1760141,166.0510224,-11.88675305,0.027664924,21585,8
48531064658,coyo04,2/15/2022 18:00,2022,2,15,18,0,4.08,19,0.04604776,21,34.271449,-118.613066,GSM,Herbaceous with Sparse Tree/Shrub,2/16/2022,125.9041703,199.6585202,-122.9198156,0.033241024,21608,8
48531064658,coyo04,2/16/2022 0:00,2022,2,16,0,0,4.08,19,0.046015816,20,34.270266,-118.6147,GSM,Herbaceous with Sparse Tree/Shrub,2/16/2022,14.82163425,221.4661502,-111.0825361,0.03695037,21623,8
48531064658,coyo04,2/16/2022 6:00,2022,2,16,6,0,4.07,14,0.051165593,17,34.272216,-118.615216,GSM,Herbaceous with Sparse Tree/Shrub,2/17/2022,135,2.450906168,120.1783657,0.000408655,21577,8
48531064658,coyo04,2/16/2022 12:00,2022,2,16,12,0,4.07,14,0.051132416,17,34.272199,-118.615233,GSM,Herbaceous with Sparse Tree/Shrub,2/17/2022,145.7595566,3138.61429,10.75955664,0.522497639,21591,8
48531064658,coyo04,2/16/2022 18:00,2022,2,16,18,0,4.07,14,0.051052023,28,34.247566,-118.631999,GSM,Shrub,2/17/2022,108.6109563,329.7175068,-37.14860038,0.0548767,21625,8
48531064658,coyo04,2/17/2022 0:01,2022,2,17,0,1,4.07,14,0.051040222,21,34.246449,-118.635316,GSM,Shrub,2/17/2022,126.6427299,1086.187954,18.03177361,0.181426095,21630,8
48531064658,coyo04,2/17/2022 6:00,2022,2,17,6,0,4.07,21,0.021435531,16,34.239916,-118.644099,GSM,Herbaceous with Sparse Tree/Shrub,2/18/2022,119.997284,35.56561577,-6.645445901,0.005925682,21553,8
48531064658,coyo04,2/17/2022 12:00,2022,2,17,12,0,4.07,21,0.02138196,17,34.239733,-118.644416,GSM,Herbaceous with Sparse Tree/Shrub,2/18/2022,44.02628411,208.5312768,-75.97099987,0.034777754,21607,8
48531064658,coyo04,2/17/2022 18:00,2022,2,17,18,0,4.07,21,0.021402761,27,34.241199,-118.645833,GSM,Herbaceous with Sparse Tree/Shrub,2/18/2022,-40.05945784,155.5913352,-84.08574195,0.025899515,21586,8
48531064658,coyo04,2/18/2022 0:00,2022,2,18,0,0,4.07,21,0.021362186,33,34.242349,-118.644866,GSM,Tree Open,2/18/2022,-45.76125645,4324.806326,-5.701798604,0.721469081,21627,8
48531064658,coyo04,2/18/2022 6:00,2022,2,18,6,0,4.06,5,0.07613531,14,34.272016,-118.6144,GSM,Herbaceous with Sparse Tree/Shrub,2/19/2022,90,33.70467151,135.7612564,0.005619266,21580,8
48531064658,coyo04,2/18/2022 12:00,2022,2,18,12,0,4.06,5,0.076089473,13,34.272016,-118.614766,GSM,Herbaceous with Sparse Tree/Shrub,2/19/2022,-105.1153448,161.337465,164.8846552,0.026879622,21593,8
48531064658,coyo04,2/18/2022 18:00,2022,2,18,18,0,4.06,5,0.076036653,23,34.271566,-118.6131,GSM,Herbaceous with Sparse Tree/Shrub,2/19/2022,142.2840237,19.77305246,-112.6006316,0.003288505,21608,8
48531064658,coyo04,2/19/2022 0:01,2022,2,19,0,1,4.06,5,0.075903169,28,34.271416,-118.613216,GSM,Herbaceous with Sparse Tree/Shrub,2/19/2022,90,89.05095318,-52.28402366,0.014861779,21646,8
48531064658,coyo04,2/19/2022 6:00,2022,2,19,6,0,4.06,17,0.080061193,15,34.271416,-118.614183,GSM,Herbaceous with Sparse Tree/Shrub,2/20/2022,36.94840711,518.6560957,-53.05159289,0.086542848,21571,8
48531064658,coyo04,2/19/2022 12:00,2022,2,19,12,0,4.06,17,0.08004635,14,34.275382,-118.617166,GSM,Cropland,2/20/2022,-131.8523935,541.8952647,-168.8008007,0.090286618,21575,8
48531064658,coyo04,2/19/2022 18:00,2022,2,19,18,0,4.06,17,0.079927801,24,34.271799,-118.613166,GSM,Herbaceous with Sparse Tree/Shrub,2/20/2022,112.9428788,89.62164231,-115.2047276,0.014923123,21607,8
48531064658,coyo04,2/20/2022 0:00,2022,2,20,0,0,4.06,17,0.079879741,26,34.271432,-118.614033,GSM,Herbaceous with Sparse Tree/Shrub,2/20/2022,116.2219668,7.174204025,3.279087948,0.001196753,21620,8
48531064658,coyo04,2/20/2022 6:00,2022,2,20,6,0,4.05,10,0.074648997,13,34.271399,-118.6141,GSM,Herbaceous with Sparse Tree/Shrub,2/21/2022,90.96562203,1639.449516,-25.25634475,0.273292196,21581,8
48531064658,coyo04,2/20/2022 12:00,2022,2,20,12,0,4.05,10,0.074597148,14,34.271099,-118.631899,GSM,Herbaceous with Sparse Tree/Shrub,2/21/2022,-89.44179333,1729.848705,179.5925846,0.28826808,21596,8
48531064658,coyo04,2/20/2022 18:00,2022,2,20,18,0,4.05,10,0.074572976,25,34.271282,-118.613116,GSM,Herbaceous with Sparse Tree/Shrub,2/21/2022,137.1841757,156.1804987,-133.3740309,0.025999991,21603,8
48531064658,coyo04,2/21/2022 0:00,2022,2,21,0,0,4.05,10,0.07449711,21,34.270166,-118.61415,GSM,Herbaceous with Sparse Tree/Shrub,2/21/2022,77.42624079,797.7487162,-59.75793495,0.133149213,21625,8
48531064658,coyo04,2/21/2022 6:00,2022,2,21,6,0,4.04,8,0.063377996,18,34.272032,-118.622516,GSM,Herbaceous with Sparse Tree/Shrub,2/22/2022,-93.34859481,867.7890735,-170.7748356,0.144591348,21569,8
48531064658,coyo04,2/21/2022 12:00,2022,2,21,12,0,4.04,8,0.063269462,20,34.271482,-118.613116,GSM,Herbaceous with Sparse Tree/Shrub,2/22/2022,152.7446716,3.98131583,-113.9067336,0.000663031,21606,8
48531064658,coyo04,2/21/2022 18:00,2022,2,21,18,0,4.04,8,0.063237267,21,34.271449,-118.613133,GSM,Herbaceous with Sparse Tree/Shrub,2/22/2022,136.2456904,276.3158837,-16.49898119,0.046037728,21617,8
48531064658,coyo04,2/22/2022 0:00,2022,2,22,0,0,4.04,8,0.063266534,23,34.269499,-118.615,GSM,Herbaceous with Sparse Tree/Shrub,2/22/2022,-178.3636777,3561.757452,45.39063183,0.593791184,21607,8
48531064658,coyo04,2/22/2022 6:00,2022,2,22,6,0,4.03,7,0.076317496,14,34.237399,-118.614083,GSM,Shrub,2/23/2022,85.46765147,370.0894589,-96.16867079,0.061681576,21594,8
48531064658,coyo04,2/22/2022 12:00,2022,2,22,12,0,4.03,7,0.076296296,16,34.237716,-118.618082,GSM,Herbaceous with Sparse Tree/Shrub,2/23/2022,142.8306942,939.5107519,57.36304271,0.156766568,21600,8
48531064658,coyo04,2/22/2022 18:00,2022,2,22,18,0,4.03,7,0.076384705,26,34.230549,-118.623516,GSM,Tree Open,2/23/2022,-93.89012441,23.11067892,123.2791814,0.003845193,21575,8
48531064658,coyo04,2/23/2022 0:00,2022,2,23,0,0,4.03,7,0.076165827,24,34.230532,-118.623266,GSM,Tree Open,2/23/2022,-35.10990518,1096.223875,58.78021923,0.183034458,21637,8
48531064658,coyo04,2/23/2022 6:00,2022,2,23,6,0,4.03,15,0.069662817,14,34.239066,-118.617266,GSM,Herbaceous with Sparse Tree/Shrub,2/24/2022,-11.3240965,4286.146119,23.78580868,0.714027118,21561,8
48531064658,coyo04,2/23/2022 12:00,2022,2,23,12,0,4.03,15,0.069504859,11,34.277182,-118.609633,GSM,Cropland,2/24/2022,-103.6000145,1585.883671,-92.275918,0.264326183,21610,8
48531064658,coyo04,2/23/2022 18:00,2022,2,23,18,0,4.03,15,0.069540256,30,34.273182,-118.593099,GSM,Herbaceous with Sparse Tree/Shrub,2/24/2022,122.0053832,46.10737831,-134.3946023,0.007672131,21599,8
48531064658,coyo04,2/24/2022 0:00,2022,2,24,0,0,4.03,15,0.069424544,20,34.272932,-118.593499,GSM,Herbaceous with Sparse Tree/Shrub,2/24/2022,91.82054157,1496.060862,-30.18484163,0.24966712,21635,8
48531064658,coyo04,2/24/2022 6:00,2022,2,24,6,0,4.02,2,0.089421472,12,34.272416,-118.609733,GSM,Cropland,2/25/2022,79.45361945,320.8778094,-12.36692212,0.053454887,21572,8
48531064658,coyo04,2/24/2022 12:00,2022,2,24,12,0,4.02,2,0.08926423,10,34.273049,-118.613133,GSM,Herbaceous with Sparse Tree/Shrub,2/25/2022,145.0046849,149.7277599,65.55106541,0.024974282,21610,8
48531064658,coyo04,2/24/2022 18:00,2022,2,24,18,0,4.02,2,0.089375898,17,34.271882,-118.61395,GSM,Herbaceous with Sparse Tree/Shrub,2/25/2022,124.3543367,37.69513015,-20.6503482,0.006273518,21583,8
48531064658,coyo04,2/25/2022 0:00,2022,2,25,0,0,4.02,2,0.089177569,26,34.271666,-118.614266,GSM,Herbaceous with Sparse Tree/Shrub,2/25/2022,22.42447516,525.659224,-101.9298615,0.087747993,21631,8
48531064658,coyo04,2/25/2022 6:00,2022,2,25,6,0,4.01,3,0.067931003,14,34.276149,-118.616116,GSM,Cropland,2/26/2022,-145.0414313,589.9809773,-167.4659065,0.098284661,21566,8
48531064658,coyo04,2/25/2022 12:00,2022,2,25,12,0,4.01,3,0.067792689,11,34.271549,-118.6129,GSM,Herbaceous with Sparse Tree/Shrub,2/26/2022,143.2671733,8.742875751,-71.69139534,0.00145526,21610,8
48531064658,coyo04,2/25/2022 18:00,2022,2,25,18,0,4.01,3,0.067736268,30,34.271482,-118.61295,GSM,Herbaceous with Sparse Tree/Shrub,2/26/2022,105.2816077,17.74167814,-37.9855656,0.002955578,21628,8
48531064658,coyo04,2/26/2022 0:00,2022,2,26,0,0,4.01,3,0.067792689,27,34.271432,-118.613133,GSM,Herbaceous with Sparse Tree/Shrub,2/26/2022,-100.0223307,257.3220404,154.6960616,0.042974547,21610,8
48531064658,coyo04,2/26/2022 6:00,2022,2,26,6,0,4,4,0.063369827,16,34.270949,-118.6104,GSM,Cropland,2/27/2022,-10.89575333,350.1474098,89.12657732,0.058344396,21556,8
48531064658,coyo04,2/26/2022 12:00,2022,2,26,12,0,4,4,0.063226105,17,34.274066,-118.6098,GSM,Cropland,2/27/2022,139.0116908,382.9742047,149.9074441,0.063814262,21605,8
48531064658,coyo04,2/26/2022 18:00,2022,2,26,18,0,4,4,0.063226105,26,34.271266,-118.612233,GSM,Cropland,2/27/2022,45.09051458,45.61706721,-93.92117622,0.007591598,21605,8
48531064658,coyo04,2/27/2022 0:00,2022,2,27,0,0,4,4,0.063147189,28,34.271582,-118.61255,GSM,Herbaceous with Sparse Tree/Shrub,2/27/2022,-11.70731582,570.3250154,-56.7978304,0.095164313,21632,8
48531064658,coyo04,2/27/2022 6:00,2022,2,27,6,0,3.99,5,0.060579374,20,34.276649,-118.6115,GSM,Cropland,2/28/2022,102.8042661,210.0410847,114.5115819,0.035032798,21575,8
48531064658,coyo04,2/27/2022 12:00,2022,2,27,12,0,3.99,5,0.060554114,17,34.276149,-118.6137,GSM,Cropland,2/28/2022,-121.9575068,433.9182695,135.2382271,0.072209392,21584,8
48531064658,coyo04,2/27/2022 18:00,2022,2,27,18,0,3.99,5,0.060416956,25,34.273799,-118.609933,GSM,Cropland,2/28/2022,127.1466867,411.4075681,-110.8958065,0.068482325,21633,8
48531064658,coyo04,2/28/2022 0:01,2022,2,28,0,1,3.99,5,0.060433717,27,34.271299,-118.613233,GSM,Herbaceous with Sparse Tree/Shrub,2/28/2022,-0.937328728,223.7610295,-128.0840154,0.037371362,21627,8
48531064658,coyo04,2/28/2022 6:00,2022,2,28,6,0,3.98,5,0.059568546,21,34.273316,-118.6132,GSM,Herbaceous with Sparse Tree/Shrub,3/1/2022,-70.7237338,333.1511551,-69.78640507,0.05549693,21555,8
48531064658,coyo04,2/28/2022 12:00,2022,2,28,12,0,3.98,5,0.059414187,22,34.274482,-118.609866,GSM,Cropland,3/1/2022,134.4976775,418.6586726,-154.7785887,0.069824935,21611,8
48531064658,coyo04,2/28/2022 18:00,2022,2,28,18,0,3.98,5,0.059485754,25,34.271599,-118.6128,GSM,Herbaceous with Sparse Tree/Shrub,3/1/2022,-112.7049239,73.94047434,112.7973985,0.01229552,21585,8
48531064658,coyo04,3/1/2022 0:01,2022,3,1,0,1,3.98,5,0.059309899,31,34.271299,-118.612083,GSM,Cropland,3/1/2022,56.2395849,333.054444,168.9445088,0.055679205,21649,8
48531064658,coyo04,3/1/2022 6:00,2022,3,1,6,0,3.97,14,0.085817777,23,34.273182,-118.6149,GSM,Herbaceous with Sparse Tree/Shrub,3/2/2022,-35.3450229,435.6062128,-91.58460781,0.072574156,21534,8
48531064658,coyo04,3/1/2022 12:00,2022,3,1,12,0,3.97,14,0.08552388,18,34.276566,-118.6125,GSM,Cropland,3/2/2022,108.8778815,131.0615273,144.2229044,0.021830449,21608,8
48531064658,coyo04,3/1/2022 18:00,2022,3,1,18,0,3.97,14,0.085504095,36,34.276116,-118.613816,GSM,Cropland,3/2/2022,95.84964824,211.9176623,-13.02823321,0.035283673,21613,8
48531064658,coyo04,3/2/2022 0:00,2022,3,2,0,0,3.97,14,0.085468504,28,34.275882,-118.6161,GSM,Cropland,3/2/2022,-80.53767779,422.6499979,-176.387326,0.070582177,21622,8
48531064658,coyo04,3/2/2022 6:00,2022,3,2,6,0,3.96,13,0.072087953,25,34.276632,-118.6116,GSM,Cropland,3/3/2022,118.6394442,198.4036137,-160.822878,0.033056556,21557,8
48531064658,coyo04,3/2/2022 12:00,2022,3,2,12,0,3.96,13,0.071921137,16,34.275649,-118.6134,GSM,Cropland,3/3/2022,175.5088976,305.6980104,56.86945337,0.050914311,21607,8
48531064658,coyo04,3/2/2022 18:00,2022,3,2,18,0,3.96,13,0.071894518,28,34.272899,-118.613616,GSM,Herbaceous with Sparse Tree/Shrub,3/3/2022,145.315157,110.9159977,-30.19374057,0.018469753,21615,8
48531064658,coyo04,3/3/2022 0:00,2022,3,3,0,0,3.96,13,0.071881216,29,34.272032,-118.614216,GSM,Herbaceous with Sparse Tree/Shrub,3/3/2022,-31.04911331,587.0605042,-176.3642703,0.098034039,21619,8
48531064658,coyo04,3/3/2022 6:00,2022,3,3,6,0,3.96,13,0.07630578,20,34.276766,-118.611366,GSM,Cropland,3/4/2022,-87.97576039,3345.65539,-56.92664708,0.557428584,21558,8
48531064658,coyo04,3/3/2022 12:00,2022,3,3,12,0,3.96,13,0.076132735,16,34.278049,-118.575066,GSM,Urban,3/4/2022,95.04905529,1711.593382,-176.9751843,0.28529198,21607,8
48531064658,coyo04,3/3/2022 18:00,2022,3,3,18,0,3.96,13,0.07616446,30,34.276416,-118.593549,GSM,Tree Open,3/4/2022,59.38463805,60.38792984,-35.66441724,0.01004698,21598,8
48531064658,coyo04,3/4/2022 0:00,2022,3,4,0,0,3.96,13,0.076023662,37,34.276732,-118.594083,GSM,Tree Open,3/4/2022,-19.54423012,325.7676196,-78.92886818,0.054372638,21638,8
48531064658,coyo04,3/4/2022 6:00,2022,3,4,6,0,3.96,20,0.082711299,18,34.279549,-118.593083,GSM,Tree Open,3/5/2022,-74.73275486,2906.16589,-55.18852474,0.484338559,21569,8
48531064658,coyo04,3/4/2022 12:00,2022,3,4,12,0,3.96,20,0.082588769,18,34.287733,-118.5631,GSM,Urban,3/5/2022,-101.8574748,158.3188639,-27.12471992,0.026381592,21601,8
48531064658,coyo04,3/4/2022 18:00,2022,3,4,18,0,3.96,20,0.0825773,23,34.287383,-118.561433,GSM,Urban,3/5/2022,98.78588548,81.19905124,-159.3566397,0.013515655,21604,8
48531064658,coyo04,3/5/2022 0:00,2022,3,5,0,0,3.96,20,0.082485667,23,34.287249,-118.5623,GSM,Urban,3/5/2022,-97.86613729,1001.91403,163.3479772,0.167326522,21628,8
48531064658,coyo04,3/5/2022 6:00,2022,3,5,6,0,3.95,3,0.091343477,17,34.285766,-118.551566,GSM,Urban,3/6/2022,-81.60500621,7646.17715,16.26113108,1.272007289,21556,8
48531064658,coyo04,3/5/2022 12:00,2022,3,5,12,0,3.95,3,0.090988909,17,34.297833,-118.469799,GSM,Urban,3/6/2022,154.4760672,1282.701227,-123.9189266,0.214130509,21640,8
48531064658,coyo04,3/5/2022 18:00,2022,3,5,18,0,3.95,3,0.091305356,25,34.287083,-118.474932,GSM,Herbaceous with Sparse Tree/Shrub,3/6/2022,-115.5910282,166.4671939,89.93290461,0.027691969,21565,8
48531064658,coyo04,3/6/2022 0:00,2022,3,6,0,0,3.95,3,0.090984705,16,34.286333,-118.473366,GSM,Herbaceous with Sparse Tree/Shrub,3/6/2022,38.60217933,516.7161122,154.1932075,0.086299142,21641,8
48531064658,coyo04,3/6/2022 6:00,2022,3,6,6,0,3.95,7,0.0506611,16,34.290216,-118.476466,GSM,Needleleaf Evergreen Forest,3/7/2022,-59.67236588,22.52804901,-98.27454521,0.003751549,21555,8
48531064658,coyo04,3/6/2022 12:00,2022,3,6,12,0,3.95,7,0.050513461,10,34.290333,-118.476266,GSM,Needleleaf Evergreen Forest,3/7/2022,137.1419052,1005.861258,-163.1857289,0.167620262,21618,8
48531064658,coyo04,3/6/2022 18:00,2022,3,6,18,0,3.95,7,0.050548535,31,34.283149,-118.482932,GSM,Urban,3/7/2022,-58.39817546,903.472066,164.4599194,0.150397643,21603,8
48531064658,coyo04,3/7/2022 0:00,2022,3,7,0,0,3.95,7,0.050494775,27,34.287999,-118.475049,GSM,Needleleaf Evergreen Forest,3/7/2022,-140.0727528,718.1552291,-81.67457734,0.119842341,21626,8
48531064658,coyo04,3/7/2022 6:00,2022,3,7,6,0,3.95,2,0.081954295,16,34.282682,-118.470599,GSM,Herbaceous with Sparse Tree/Shrub,4/8/2022,13.84273681,260.5287321,153.9154896,0.043441567,21573,8
48531064658,coyo04,3/7/2022 12:00,2022,3,7,12,0,3.95,2,0.081889764,12,34.284983,-118.471166,GSM,Herbaceous with Sparse Tree/Shrub,4/8/2022,62.3231639,702.5032447,48.48042709,0.117056778,21590,8
48531064658,coyo04,3/7/2022 18:00,2022,3,7,18,0,3.95,2,0.081832909,38,34.288366,-118.477616,GSM,Needleleaf Evergreen Forest,4/8/2022,26.52203634,63.99610924,-35.80112757,0.010657137,21605,8
48531064658,coyo04,3/8/2022 0:00,2022,3,8,0,0,3.95,2,0.081783699,30,34.288899,-118.477882,GSM,Needleleaf Evergreen Forest,4/8/2022,-104.6987934,748.346181,-131.2208297,0.124920998,21618,8
48531064658,coyo04,3/8/2022 6:00,2022,3,8,6,0,3.94,13,0.060882871,17,34.286866,-118.470132,GSM,Herbaceous with Sparse Tree/Shrub,4/8/2022,-135,11.96536089,-30.30120659,0.001991645,21566,8
48531064658,coyo04,3/8/2022 12:00,2022,3,8,12,0,3.94,13,0.060708341,15,34.286783,-118.470049,GSM,Herbaceous with Sparse Tree/Shrub,4/8/2022,107.0992507,1250.320983,-117.9007493,0.208502665,21628,8
48531064658,coyo04,3/8/2022 18:00,2022,3,8,18,0,3.94,13,0.060820826,41,34.282866,-118.482782,GSM,Urban,4/8/2022,-79.06839889,187.4667695,173.8323504,0.031214115,21588,8
48531064658,coyo04,3/9/2022 0:00,2022,3,9,0,0,3.94,13,0.060727996,32,34.283249,-118.480799,GSM,Urban,4/8/2022,-71.37289797,1056.676517,7.695500918,0.176423127,21621,8
48531064658,coyo04,3/9/2022 6:00,2022,3,9,6,0,3.93,6,0.066969669,15,34.286833,-118.470166,GSM,Herbaceous with Sparse Tree/Shrub,4/8/2022,113.9592215,1359.402157,-174.6678806,0.226451704,21562,8
48531064658,coyo04,3/9/2022 12:00,2022,3,9,12,0,3.93,6,0.066817824,13,34.281049,-118.483182,GSM,Urban,4/8/2022,-41.09591583,1161.864578,-155.0551373,0.193518668,21611,8
48531064658,coyo04,3/9/2022 18:00,2022,3,9,18,0,3.93,6,0.06680855,32,34.289533,-118.475782,GSM,Needleleaf Evergreen Forest,4/8/2022,165.1509095,221.4844272,-153.7531746,0.036890161,21614,8
48531064658,coyo04,3/10/2022 0:00,2022,3,10,0,0,3.93,6,0.06680855,25,34.287583,-118.476299,GSM,Needleleaf Evergreen Forest,4/8/2022,71.0653059,58.08212938,-94.08560365,0.009697415,21614,8
48531064658,coyo04,3/10/2022 6:00,2022,3,10,6,0,3.94,4,0.060105742,15,34.287783,-118.476882,GSM,Needleleaf Evergreen Forest,4/8/2022,121.2153032,887.3879945,50.14999726,0.147754349,21562,8
48531064658,coyo04,3/10/2022 12:00,2022,3,10,12,0,3.94,4,0.059941723,18,34.283066,-118.484666,GSM,Urban,4/8/2022,-53.02672195,1089.765844,-174.2420251,0.181669694,21621,8
48531064658,coyo04,3/10/2022 18:00,2022,3,10,18,0,3.94,4,0.060013892,25,34.289666,-118.475899,GSM,Needleleaf Evergreen Forest,4/8/2022,164.3501046,189.8494206,-142.6231735,0.031597684,21595,8
48531064658,coyo04,3/11/2022 0:00,2022,3,11,0,0,3.94,4,0.059916782,26,34.287999,-118.476366,GSM,Needleleaf Evergreen Forest,4/8/2022,-121.400033,215.3211802,74.24986243,0.035955112,21630,8
48531064658,coyo04,3/11/2022 6:00,2022,3,11,6,0,3.93,10,0.066375991,15,34.286849,-118.474482,GSM,Herbaceous with Sparse Tree/Shrub,4/8/2022,109.530323,700.9071831,-129.0696441,0.116731396,21559,8
48531064658,coyo04,3/11/2022 12:00,2022,3,11,12,0,3.93,10,0.066200962,16,34.284366,-118.481482,GSM,Shrub,4/8/2022,-45.79166539,775.3370283,-155.3219883,0.129306648,21616,8
48531064658,coyo04,3/11/2022 18:00,2022,3,11,18,0,3.93,10,0.066292968,32,34.289683,-118.476016,GSM,Needleleaf Evergreen Forest,4/8/2022,168.1425252,187.7031939,-146.0658094,0.031239032,21586,8
48531064658,coyo04,3/12/2022 0:00,2022,3,12,0,0,3.93,10,0.066155055,30,34.288016,-118.476366,GSM,Needleleaf Evergreen Forest,4/8/2022,137.848029,781.7221122,-30.29449625,0.130534793,21631,8
48531064658,coyo04,3/12/2022 6:00,2022,3,12,6,0,3.93,6,0.053481145,17,34.282382,-118.481466,GSM,Urban,4/8/2022,65.75079559,34.88573787,-72.09723338,0.005808105,21559,8
48531064658,coyo04,3/12/2022 12:00,2022,3,12,12,0,3.93,6,0.053322851,17,34.282532,-118.481799,GSM,Urban,4/8/2022,-44.32624786,1025.903454,-110.0770434,0.170968079,21623,8
48531064658,coyo04,3/12/2022 18:00,2022,3,12,18,0,3.93,6,0.053374688,39,34.289716,-118.474782,GSM,Tree Open,4/8/2022,-173.5928526,115.084878,-129.2666048,0.019163069,21602,8
48531064658,coyo04,3/13/2022 0:00,2022,3,13,0,0,3.93,6,0.05333025,34,34.288683,-118.474666,GSM,Tree Open,4/8/2022,103.9476327,219.4072101,-82.45951469,0.036642511,21620,8
48531064658,coyo04,3/13/2022 6:00,2022,3,13,6,0,3.93,8,0.052375209,17,34.288116,-118.476949,GSM,Needleleaf Evergreen Forest,4/8/2022,-128.3968246,50.9202059,127.6555427,0.008483952,21556,8
48531064658,coyo04,3/13/2022 12:00,2022,3,13,12,0,3.93,8,0.052251585,14,34.287799,-118.476549,GSM,Needleleaf Evergreen Forest,4/8/2022,-82.23606145,194.3559827,46.16076313,0.03232084,21607,8
48531064658,coyo04,3/13/2022 18:01,2022,3,13,18,1,3.93,8,0.052152624,34,34.288083,-118.474466,GSM,Tree Open,4/8/2022,70.25316339,195.6111646,152.4892248,0.03262754,21648,8
48531064658,coyo04,3/14/2022 0:00,2022,3,14,0,0,3.93,8,0.052309688,47,34.288783,-118.476416,GSM,Needleleaf Evergreen Forest,4/8/2022,112.4311822,510.6572166,42.17801879,0.104446678,21583,8
48531064658,coyo04,3/14/2022 4:54,2022,3,14,4,54,3.92,13,0,23,34.286733,-118.481382,GSM,Shrub,4/8/2022,90,3.130489427,-22.43118218,1.609965991,17601,8
48531064658,coyo04,3/14/2022 4:54,2022,3,14,4,54,3.92,13,0,23,34.286733,-118.481416,GSM,Shrub,4/8/2022,-46.73570458,2.366442875,-136.7357046,1.217027764,7,8
48531064658,coyo04,3/14/2022 4:54,2022,3,14,4,54,3.92,13,0,23,34.286749,-118.481399,GSM,Shrub,4/8/2022,-140.3073269,13.47036224,-50.30732685,0.012236514,13,8
48531064658,coyo04,3/14/2022 6:00,2022,3,14,6,0,3.92,9,0.288670199,20,34.286649,-118.481316,GSM,Shrub,4/8/2022,131.6812213,533.3654694,-88.01145181,0.088935419,3963,8
48531064658,coyo04,3/14/2022 12:00,2022,3,14,12,0,3.92,9,0.052987494,18,34.283132,-118.485266,GSM,Urban,4/8/2022,-54.87223722,1092.318183,173.4465415,0.181808935,21590,8
48531064658,coyo04,3/14/2022 18:00,2022,3,14,18,0,3.92,9,0.052891951,38,34.289499,-118.476216,GSM,Needleleaf Evergreen Forest,4/8/2022,-110.9312767,43.99724005,-56.05903948,0.007332534,21629,8
48531064658,coyo04,3/15/2022 0:00,2022,3,15,0,0,3.92,9,0.052960511,29,34.289333,-118.475782,GSM,Needleleaf Evergreen Forest,4/8/2022,152.5725522,213.4195109,-96.49617109,0.035635911,21601,8
48531064658,coyo04,3/15/2022 6:00,2022,3,15,6,0,3.91,2,0.047959184,19,34.287566,-118.476699,GSM,Needleleaf Evergreen Forest,4/8/2022,26.6012456,76.04157288,-125.9713066,0.012667731,21560,8
48531064658,coyo04,3/15/2022 12:00,2022,3,15,12,0,3.91,2,0.047848218,17,34.288199,-118.477016,GSM,Needleleaf Evergreen Forest,4/8/2022,52.54621213,329.8913606,25.94496653,0.054981893,21610,8
48531064658,coyo04,3/15/2022 18:00,2022,3,15,18,0,3.91,2,0.04787037,36,34.290216,-118.479649,GSM,Shrub,4/8/2022,-24.22506544,315.8004001,-76.77127757,0.052543395,21600,8
48531064658,coyo04,3/16/2022 0:00,2022,3,16,0,0,3.91,2,0.04778851,30,34.292883,-118.478449,GSM,Shrub,4/8/2022,116.7510758,662.4613027,140.9761412,0.110620191,21637,8
48531064658,coyo04,3/16/2022 6:00,2022,3,16,6,0,3.91,13,0.045688576,23,34.289783,-118.484599,GSM,Urban,4/8/2022,161.6963428,753.5799933,44.94526705,0.125364509,21559,8
48531064658,coyo04,3/16/2022 12:00,2022,3,16,12,0,3.91,13,0.04551756,20,34.283232,-118.486766,GSM,Urban,4/8/2022,-47.58349591,712.0279686,150.7201613,0.118863932,21640,8
48531064658,coyo04,3/16/2022 18:00,2022,3,16,18,0,3.91,13,0.045675864,33,34.287983,-118.481566,GSM,Shrub,4/8/2022,79.47700558,67.55409782,127.0605015,0.011212815,21565,8
48531064658,coyo04,3/17/2022 0:01,2022,3,17,0,1,3.91,13,0.045414726,30,34.288116,-118.482282,GSM,Shrub,4/8/2022,150.4126507,543.6160439,70.9356451,0.091015615,21689,8
48531064658,coyo04,3/17/2022 6:00,2022,3,17,6,0,3.91,11,0.059436332,20,34.283683,-118.484799,GSM,Urban,4/8/2022,-50.83153728,823.4829028,158.755812,0.137151906,21502,8
48531064658,coyo04,3/17/2022 12:00,2022,3,17,12,0,3.91,11,0.059125607,19,34.288883,-118.478416,GSM,Needleleaf Evergreen Forest,4/8/2022,-153.1301869,162.455657,-102.2986496,0.027077196,21615,8
48531064658,coyo04,3/17/2022 18:00,2022,3,17,18,0,3.91,11,0.059169406,38,34.287533,-118.477732,GSM,Needleleaf Evergreen Forest,4/8/2022,64.34073548,542.5393867,-142.5290776,0.090343762,21599,8
48531064658,coyo04,3/18/2022 0:00,2022,3,18,0,0,3.91,11,0.059114668,33,34.289983,-118.482832,GSM,Shrub,4/8/2022,160.3657515,686.4973959,96.025016,0.11461256,21619,8
48531064658,coyo04,3/18/2022 6:00,2022,3,18,6,0,3.89,8,0.070027362,21,34.284049,-118.484949,GSM,Urban,4/8/2022,21.91938278,998.0599173,-138.4463687,0.166020502,21563,8
48531064658,coyo04,3/18/2022 12:00,2022,3,18,12,0,3.89,8,0.06977174,20,34.292583,-118.488383,GSM,Tree Open,4/8/2022,-64.76800625,340.5882674,-86.68738903,0.056827853,21642,8
48531064658,coyo04,3/18/2022 18:00,2022,3,18,18,0,3.89,8,0.069985169,34,34.294099,-118.485166,GSM,Cropland,4/8/2022,32.91362195,71.39695108,97.6816282,0.011884087,21576,8
48531064658,coyo04,3/19/2022 0:00,2022,3,19,0,0,3.89,8,0.069816904,32,34.294666,-118.485533,GSM,Cropland,4/8/2022,146.034908,389.7766142,113.121286,0.065092351,21628,8
48531064658,coyo04,3/19/2022 6:00,2022,3,19,6,0,3.89,10,0.087860092,19,34.291599,-118.487599,GSM,Urban,4/8/2022,139.8489576,85.71813854,-6.185950354,0.01428305,21557,8
48531064658,coyo04,3/19/2022 12:00,2022,3,19,12,0,3.89,10,0.087664892,15,34.290966,-118.488133,GSM,Urban,4/8/2022,-86.98040421,407.4869641,133.1706382,0.067883067,21605,8
48531064658,coyo04,3/19/2022 18:00,2022,3,19,18,0,3.89,10,0.087644609,34,34.291199,-118.483716,GSM,Urban,4/8/2022,-135.8339776,163.8583753,-48.85357337,0.027283204,21610,8
48531064658,coyo04,3/20/2022 0:00,2022,3,20,0,0,3.89,10,0.087600019,32,34.290049,-118.482599,GSM,Shrub,4/8/2022,-119.8754022,1390.378389,15.95857543,0.136586864,21621,8
48531064658,coyo04,3/20/2022 10:11,2022,3,20,10,11,3.95,22,0,17,34.282916,-118.470182,GSM,Herbaceous with Sparse Tree/Shrub,4/8/2022,-113.3177084,12.03518174,6.557693769,6.189522039,36646,8
48531064658,coyo04,3/20/2022 10:11,2022,3,20,10,11,3.95,22,0,17,34.282866,-118.470066,GSM,Herbaceous with Sparse Tree/Shrub,4/8/2022,-7.284023654,14.83616512,106.0336847,7.630027777,7,8
48531064658,coyo04,3/20/2022 10:11,2022,3,20,10,11,3.95,22,0,17,34.282999,-118.470049,GSM,Herbaceous with Sparse Tree/Shrub,4/8/2022,135,11.96557998,142.2840237,6.153726845,7,8
48531064658,coyo04,3/20/2022 10:11,2022,3,20,10,11,3.95,22,0,17,34.282916,-118.470132,GSM,Herbaceous with Sparse Tree/Shrub,4/8/2022,86.40147117,415.5350242,-48.59852883,0.486638285,7,8
48531064658,coyo04,3/20/2022 11:03,2022,3,20,11,3,3.87,23,0,14,34.283199,-118.474632,GSM,Tree Open,4/8/2022,50.51340003,36.84538793,-35.88807114,18.94905665,3074,8
48531064658,coyo04,3/20/2022 11:03,2022,3,20,11,3,3.87,23,0,14,34.283433,-118.474916,GSM,Herbaceous with Sparse Tree/Shrub,4/8/2022,-139.4794605,15.91299726,170.0071395,8.183827162,7,8
48531064658,coyo04,3/20/2022 11:03,2022,3,20,11,3,3.87,23,0,14,34.283316,-118.474816,GSM,Tree Open,4/8/2022,169.2157021,9.433656718,-51.30483741,5.660194031,7,8
48531064658,coyo04,3/20/2022 11:03,2022,3,20,11,3,3.87,23,0,14,34.283232,-118.474832,GSM,Tree Open,4/8/2022,84.61493981,770.7234932,-84.60076233,0.801908837,6,8
48531064658,coyo04,3/20/2022 12:01,2022,3,20,12,1,3.86,16,0.187861272,11,34.284016,-118.483149,GSM,Shrub,4/8/2022,-111.9834809,88.77057707,163.4015793,0.014810181,3460,8
48531064658,coyo04,3/20/2022 18:00,2022,3,20,18,0,3.86,16,0.030123274,20,34.283666,-118.482282,GSM,Shrub,4/8/2022,-125.3759733,264.5100247,-13.39249245,0.044082963,21578,8
48531064658,coyo04,3/21/2022 0:00,2022,3,21,0,0,3.86,16,0.030091199,25,34.282116,-118.480099,GSM,Urban,4/8/2022,84.47245985,143.6878275,-150.1515668,0.023980167,21601,8
48531064658,coyo04,3/21/2022 6:00,2022,3,21,6,0,3.86,16,0.030133049,18,34.282266,-118.481649,GSM,Urban,4/8/2022,51.55903073,155.0467199,-32.91342912,0.025837531,21571,8
48531064658,coyo04,3/21/2022 12:00,2022,3,21,12,0,3.86,3,0.057630885,18,34.283232,-118.482866,GSM,Urban,4/8/2022,30.50725422,1037.380613,-21.05177651,0.172880761,21603,8
48531064658,coyo04,3/21/2022 18:00,2022,3,21,18,0,3.86,3,0.057633552,31,34.291633,-118.487816,GSM,Urban,4/8/2022,-35.89129835,327.7634642,-66.39855257,0.05449605,21602,8
48531064658,coyo04,3/22/2022 0:01,2022,3,22,0,1,3.86,3,0.057500462,29,34.294166,-118.485983,GSM,Cropland,4/8/2022,25.88190271,1146.080641,61.77320106,0.191527728,21652,8
48531064658,coyo04,3/22/2022 6:00,2022,3,22,6,0,3.86,3,0.057794077,19,34.30375,-118.490633,GSM,Cropland,4/8/2022,48.85227107,2684.521067,22.97036837,0.44746161,21542,8
48531064658,coyo04,3/22/2022 12:00,2022,3,22,12,0,3.85,8,0.060977868,19,34.321299,-118.510716,GSM,Shrub,4/8/2022,-101.586071,1379.416755,-150.4383421,0.229785772,21598,8
48531064658,coyo04,3/22/2022 18:00,2022,3,22,18,0,3.85,8,0.060941187,30,34.318316,-118.496166,GSM,Shrub,4/8/2022,-100.9471707,48.85994183,0.638900234,0.00813015,21611,8
48531064658,coyo04,3/23/2022 0:01,2022,3,23,0,1,3.85,8,0.060873584,30,34.318216,-118.495649,GSM,Cropland,4/8/2022,90,24.57437769,-169.0528293,0.004103899,21635,8
48531064658,coyo04,3/23/2022 6:00,2022,3,23,6,0,3.85,8,0.061093844,23,34.318216,-118.495916,GSM,Shrub,4/8/2022,118.7983335,2533.96051,28.79833347,0.4223072,21557,8
48531064658,coyo04,3/23/2022 12:00,2022,3,23,12,0,3.84,,0.095597426,22,34.3056,-118.518866,GSM,Urban,4/8/2022,93.64680284,4177.720021,-25.15153063,0.69638339,21601,8
48531064658,coyo04,3/23/2022 18:00,2022,3,23,18,0,3.84,,0.095615132,28,34.302716,-118.564116,GSM,Cropland,4/8/2022,91.13822007,1622.122729,-2.508582772,0.268674572,21597,8
